Name,Website,Phone,Address,City,State,PostalCode,Rating,Reviews,Categories,Email,Source,Query,Apollo,Revenue,Employees,Keywords,LinkedIn,Facebook,Twitter,Hours,Description,SocialProfiles
Vivax Pros,http://www.vivaxpros.com,,,Denver,Colorado,,,,,,apollo,"painting company, painting service - Colorado",https://app.apollo.io/#/organizations/5da448f510ef7e00014d4a1a?overrideScoreId=score,25M,,painting company+57,http://www.linkedin.com/company/vivax-pro-painting,https://facebook.com/vivaxpros,https://twitter.com/Vivax_Pros,,,
painting contractor,http://www.wellspaintservice.com,,,Kiowa,Kansas,,,,,,apollo,"painting company, painting service - Kansas",https://app.apollo.io/#/organizations/56d978fff3e5bb731d002ade?overrideScoreId=score,,,painting contractor,http://www.linkedin.com/company/painting-contractor,,,,,
Painter Bros,http://www.painterbros.com,,,American Fork,Utah,,,,,,apollo,"painting company, painting service - Utah",https://app.apollo.io/#/organizations/60f648f7c0fda10001b16b6f?overrideScoreId=score,,,interior painting+59,http://www.linkedin.com/company/painter-bros-franchising,,,,,
Long Painting Company,http://www.longpainting.com,,,Kent,Washington,,,,,,apollo,"painting company, painting service - Washington",https://app.apollo.io/#/organizations/54a1206969702d8aa13d4102?overrideScoreId=score,4.4M,,tank linings+57,http://www.linkedin.com/company/long-painting-company,https://facebook.com/longpaintingcompany,https://twitter.com/LongPaintingCo,,,
A&K Painting Company,http://www.akpainting.com,,,Charlotte,North Carolina,,,,,,apollo,"painting company, painting service - North Carolina",https://app.apollo.io/#/organizations/54a11eb469702d77c29b9b01?overrideScoreId=score,4.1M,,,http://www.linkedin.com/company/a&k-painting,https://facebook.com/pages/AK-Painting-Company/257140764912,https://twitter.com/AKPaint,,,
Nolan Painting,http://www.nolanpainting.com,,,Havertown,Pennsylvania,,,,,,apollo,"painting company, painting service - Pennsylvania",https://app.apollo.io/#/organizations/54a1b02574686958600c5508?overrideScoreId=score,13.4M,,,http://www.linkedin.com/company/nolan-painting,https://www.facebook.com/NolanPaintingContractor,https://twitter.com/nolan_painting,,,
Pavement Markings LLC,http://www.sheridanpavementmarkings.com,,,Sheridan,Wyoming,,,,,,apollo,"painting company, painting service - Wyoming",https://app.apollo.io/#/organizations/5da3ee217e5db600018e0b45?overrideScoreId=score,,,pavement striping+42,http://www.linkedin.com/company/pavement-markings-llc,https://www.facebook.com/Pavementmarkingsllc/,,,,
Platinum Painting,http://www.platinumpainting.com,,,Keller,Texas,,,,,,apollo,"painting company, painting service - Texas",https://app.apollo.io/#/organizations/5e57d403108ba90001fa63f7?overrideScoreId=score,33.6M,,,http://www.linkedin.com/company/platinum-painting-dfw,https://www.facebook.com/Platinum-Painting-494890083984252/,,,,
The Painting Company,http://www.gopaintingcompany.com,,,Bellevue,Nebraska,,,,,,apollo,"painting company, painting service - Nebraska",https://app.apollo.io/#/organizations/5e56b2f652e7ad0001f55c3b?overrideScoreId=score,,,surface repair+103,http://www.linkedin.com/company/the-painting-company-omaha,https://www.facebook.com/gopaintingcompany,https://twitter.com/gopaintingco,,,
Zack Painting Company,http://www.zackpainting.com,,,Woodbridge Township,New Jersey,,,,,,apollo,"painting company, painting service - New Jersey",https://app.apollo.io/#/organizations/5500c3da73696460fc534900?overrideScoreId=score,10M,,painting+66,http://www.linkedin.com/company/zack-painting-company,,,,,
Elite Painting Services,http://www.elitepaintingservices.net,,,Cherry Hill,New Jersey,,,,,,apollo,"painting company, painting service - New Jersey",https://app.apollo.io/#/organizations/5da3f5b97e5db600018e364e?overrideScoreId=score,,,project management+49,http://www.linkedin.com/company/elite-painting-services-l-l-c,https://www.facebook.com/Elite-Painting-Services-336806490501375,,,,
SKY EDIFICE,http://www.skyedifice.com,,,Cerritos,California,,,,,,apollo,"painting company, painting service - California",https://app.apollo.io/#/organizations/61616eed8bfbd30001b43792?overrideScoreId=score,,,construction company+18,http://www.linkedin.com/company/sky-edifice,,,,,
PERFECT TOUCH PAINTING COMPANY LLC,http://www.perfecttouchp.com,,,Washington,District of Columbia,,,,,,apollo,"painting company, painting service - District of Columbia",https://app.apollo.io/#/organizations/672664e63ca5f70001953294?overrideScoreId=score,,,,http://www.linkedin.com/company/perfect-touch-painting-company-llc,https://www.facebook.com/perfecttouchllc,,,,
Rainbow Painting Company,http://www.rainbowpaintingcompany.com,,,O'Fallon,Missouri,,,,,,apollo,"painting company, painting service - Missouri",https://app.apollo.io/#/organizations/5e5972b114af6900013741a9?overrideScoreId=score,,,paintingstaining+47,http://www.linkedin.com/company/rainbow-painting-company,,,,,
Reliable Painting,http://www.reliablepainting.com,,,San Diego,California,,,,,,apollo,"painting company, painting service - California",https://app.apollo.io/#/organizations/54a135b469702d4494c7c300?overrideScoreId=score,,,induastrial coatings+81,http://www.linkedin.com/company/reliable-painting,https://www.facebook.com/RELIABLEPAINTINGSD/,,,,
Penington Painting Company,http://www.teamppc.com,,,Chandler,Arizona,,,,,,apollo,"painting company, painting service - Arizona",https://app.apollo.io/#/organizations/66e5e8f4d82df900011d66ba?overrideScoreId=score,13.1M,,,http://www.linkedin.com/company/penington-painting-company,https://facebook.com/peningtonpainting,,,,
Premium Painting,http://www.premiumpainting-msp.com,,,Minneapolis,Minnesota,,,,,,apollo,"painting company, painting service - Minnesota",https://app.apollo.io/#/organizations/54a129de69702db64841c901?overrideScoreId=score,,,wallpaper removal+62,http://www.linkedin.com/company/premium-painting,,,,,
PPD Painting,http://www.ppdpainting.com,,,Bellwood,Illinois,,,,,,apollo,"painting company, painting service - Illinois",https://app.apollo.io/#/organizations/54a1b93d7468694f8fbf6e0b?overrideScoreId=score,2.6M,,,http://www.linkedin.com/company/precision-painting-&-decorating-llc-,https://www.facebook.com/PrecisionPaintingDecorating,https://twitter.com/PPDPainting1,,,
"Northwest Building Supply, Inc.",http://www.northwestok.com,,,Northwest Building Supply,Inc.,,,,,,apollo,"painting company, painting service - Inc.",https://app.apollo.io/#/organizations/64ab8a0e9dd2fa0001df6d3c?overrideScoreId=score,389K,,custom cabinets+56,http://www.linkedin.com/company/northwest-building-supply-inc.,https://facebook.com/NWBldgSupply,https://twitter.com/NWBldgSupply,,,
Mike's Quality Painting,http://www.mikesqualitypainting.com,,,Albuquerque,New Mexico,,,,,,apollo,"painting company, painting service - New Mexico",https://app.apollo.io/#/organizations/5500afb27369642da1440600?overrideScoreId=score,3.2M,,interior painting+51,http://www.linkedin.com/company/mike's-quality-painting,https://www.facebook.com/MikesQualityPainting/,https://twitter.com/MQPABQ,,,
Absolute Painting,http://www.absolutehousepainters.com,,,Lawrence,Kansas,,,,,,apollo,"painting company, painting service - Kansas",https://app.apollo.io/#/organizations/5e5768e4f5f6f300017589bf?overrideScoreId=score,1.8M,,historic exterior+113,http://www.linkedin.com/company/absolute-painting,https://facebook.com/pages/Absolute-Painting-LLC/247124858761131,https://twitter.com/painterabsolute,,,
Superior Painting Company,http://www.superiorpainters.com,,,Red Oak,Texas,,,,,,apollo,"painting company, painting service - Texas",https://app.apollo.io/#/organizations/55f9384ff3e5bb22820024bb?overrideScoreId=score,,,residential painters+52,http://www.linkedin.com/company/superior-painting-company,https://www.facebook.com/superiorpaintingcompany,https://twitter.com/gregpelt,,,
Mikes Painting Company,,,,Peabody,Massachusetts,,,,,,apollo,"painting company, painting service - Massachusetts",https://app.apollo.io/#/organizations/664a571139db1c000114a74a?overrideScoreId=score,,,,http://www.linkedin.com/company/mikes-painting-company,,,,,
Paint Kings,http://www.paintkings.com,,,Tucson,Arizona,,,,,,apollo,"painting company, painting service - Arizona",https://app.apollo.io/#/organizations/54a1b6c07468694f8f0c810a?overrideScoreId=score,18.9M,,painting contractor+45,http://www.linkedin.com/company/paint-kings,https://facebook.com/pages/The-Paint-Kings-Inc/233721226781289,https://twitter.com/paintkings,,,
FORJAK Industrial,http://www.forjakindustrial.com,,,Columbus,Ohio,,,,,,apollo,"painting company, painting service - Ohio",https://app.apollo.io/#/organizations/55923984736964199b7fdd00?overrideScoreId=score,,,commercial painting+89,http://www.linkedin.com/company/forjak-industrial,,,,,
River City Painting,http://www.paintwichita.com,,,Wichita,Kansas,,,,,,apollo,"painting company, painting service - Kansas",https://app.apollo.io/#/organizations/605e512808646700a454d6ed?overrideScoreId=score,9.6M,,interior painting+54,http://www.linkedin.com/company/river-city-painting,https://www.facebook.com/rivercitypaintinginc/,https://twitter.com/rcpwichita,,,
Two Dudes Painting Company,http://www.twodudes.com,,,Lancaster,Pennsylvania,,,,,,apollo,"painting company, painting service - Pennsylvania",https://app.apollo.io/#/organizations/54a1392669702de5b3a11500?overrideScoreId=score,42.3M,,stained finishes+55,http://www.linkedin.com/company/two-dudes-painting-company,https://www.facebook.com/twodudespaintingcompany,https://twitter.com/twodudespaint,,,
Dave's Painting Service,http://www.davespaintingservice.com,,,El Cajon,California,,,,,,apollo,"painting company, painting service - California",https://app.apollo.io/#/organizations/54a11db969702d9d7e592f01?overrideScoreId=score,19.4M,,,http://www.linkedin.com/company/dave's-painting-service,,https://twitter.com/davesptgservice,,,
LIME Painting,http://www.limepainting.com,,,Greenwood Village,Colorado,,,,,,apollo,"painting company, painting service - Colorado",https://app.apollo.io/#/organizations/5ed1e7983b3bf900017b9fe2?overrideScoreId=score,,,,http://www.linkedin.com/company/limepainting,https://facebook.com/getlimed,https://twitter.com/lime_painting,,,
AG Williams Painting Company,http://www.agwilliamspainting.com,,,,,,,,,,apollo,"painting company, painting service",https://app.apollo.io/#/organizations/54a26f6a74686930c279b422?overrideScoreId=score,30.6M,,interior painting+52,http://www.linkedin.com/company/ag-williams-painting-company,https://facebook.com/agwilliamspainting,,,,
Legacy Painting Contractors,http://www.legacypaintingcontractorsca.com,,,Pleasanton,California,,,,,,apollo,"painting company, painting service - California",https://app.apollo.io/#/organizations/5500b2d97369642daa6a2a00?overrideScoreId=score,8.9M,,painting contractors+5,http://www.linkedin.com/company/legacy-painting-contractors,https://facebook.com/LegacyPaintingContractors,https://twitter.com/legacypainting,,,
Kennedy Painting LLC,http://www.stlouishousepainting.com,,,St. Louis,Missouri,,,,,,apollo,"painting company, painting service - Missouri",https://app.apollo.io/#/organizations/54a1b4e474686954757caf09?overrideScoreId=score,15.2M,,,http://www.linkedin.com/company/kennedy-painting-llc,https://www.facebook.com/KennedyPaintingLLC,https://twitter.com/kennedypaintstl,,,
"MacFarland Painting, Inc.",http://www.macfarlandpainting.com,,,MacFarland Painting,Inc.,,,,,,apollo,"painting company, painting service - Inc.",https://app.apollo.io/#/organizations/604a9c8632877500013a26d2?overrideScoreId=score,,,residential painting+85,http://www.linkedin.com/company/macfarland-painting,https://www.facebook.com/MacFarland.Painting,,,,
E. Caligari & Son,http://www.ecaligariandson.com,,,Norfolk,Virginia,,,,,,apollo,"painting company, painting service - Virginia",https://app.apollo.io/#/organizations/5d32b11af65125072c9d5f01?overrideScoreId=score,18M,,,http://www.linkedin.com/company/e-caligari-son-inc,,,,,
Textbook Painting,http://www.textbookpainting.com,,,Lakewood,Ohio,,,,,,apollo,"painting company, painting service - Ohio",https://app.apollo.io/#/organizations/54a12b1c69702dcef9dd7702?overrideScoreId=score,,,exterior painting+59,http://www.linkedin.com/company/textbook-painting,https://facebook.com/TextbookPainting,https://twitter.com/TextbookPaint,,,
HARTMAN-WALSH PAINTING COMPANY,,,,Saint Louis,Missouri,,,,,,apollo,"painting company, painting service - Missouri",https://app.apollo.io/#/organizations/664184bac4411200019ab714?overrideScoreId=score,,,,http://www.linkedin.com/company/hartman-walsh-painting-company,,,,,
The Painting Company,http://www.thepaintingcompany.com,,,Plain City,Ohio,,,,,,apollo,"painting company, painting service - Ohio",https://app.apollo.io/#/organizations/5e57a7c30c206a00016cdc51?overrideScoreId=score,,,commercial painting+63,http://www.linkedin.com/company/thepaintingcompany,https://facebook.com/ThePaintingCompany.Asman/,,,,
Phoenix Painting Company,http://www.phoenixpaintingco.com,,,Fort Lauderdale,Florida,,,,,,apollo,"painting company, painting service - Florida",https://app.apollo.io/#/organizations/55920bd1736964185f563800?overrideScoreId=score,31.7M,,wallcovering+5,http://www.linkedin.com/company/phoenix-painting-company,,,,,
Performance Painting,http://www.performancepainting.com.au,,,Columbus,Ohio,,,,,,apollo,"painting company, painting service - Ohio",https://app.apollo.io/#/organizations/6615c83f1796580007a95776?overrideScoreId=score,54.7M,,,http://www.linkedin.com/company/performance-painting,,,,,
Mason Painting Company,http://www.masonpaintingco.com,,,Worcester,Massachusetts,,,,,,apollo,"painting company, painting service - Massachusetts",https://app.apollo.io/#/organizations/60499efde8614700012d037e?overrideScoreId=score,,,,http://www.linkedin.com/company/masonpaintingco,,,,,
Valley Painting Company,http://www.chagrinvalleypainting.com,,,Chagrin Falls,Ohio,,,,,,apollo,"painting company, painting service - Ohio",https://app.apollo.io/#/organizations/54a1295d69702dc8410c4c01?overrideScoreId=score,,,,http://www.linkedin.com/company/valley-painting-company,,https://twitter.com/valleypainting,,,
Petersen Painting,http://www.petersenpainting.net,,,Lehi,Utah,,,,,,apollo,"painting company, painting service - Utah",https://app.apollo.io/#/organizations/674bc3f1a7e4e50001a21112?overrideScoreId=score,11M,,,http://www.linkedin.com/company/petersen-painting,,,,,
Affinity Painting Company Inc.,http://www.affinity-painting.com,,,Covina,California,,,,,,apollo,"painting company, painting service - California",https://app.apollo.io/#/organizations/5da7015581f1650001b1c11f?overrideScoreId=score,2.2M,,commercial+78,http://www.linkedin.com/company/affinity-painting-company-inc.,https://facebook.com/affinitypainting,https://twitter.com/AffinityPaints,,,
Murray Painting Company,http://www.murraypainting.net,,,Freeland,Michigan,,,,,,apollo,"painting company, painting service - Michigan",https://app.apollo.io/#/organizations/5e568249942f6500014685b1?overrideScoreId=score,,,vapor blasting+60,http://www.linkedin.com/company/murray-painting-co,https://www.facebook.com/100075713486785,,,,
"Northern Lights Painting Company, Inc.",http://www.northernlightspainting.com,,,Northern Lights Painting Company,Inc.,,,,,,apollo,"painting company, painting service - Inc.",https://app.apollo.io/#/organizations/5da62c31e03360000106f69b?overrideScoreId=score,,,paintinghigh gloss+46,http://www.linkedin.com/company/northern-lights-painting-company,,,,,
Painting Services By Steve,http://www.paintingservicesbysteve.com,,,Katy,Texas,,,,,,apollo,"painting company, painting service - Texas",https://app.apollo.io/#/organizations/54a13b1569702de5b3a14601?overrideScoreId=score,1.8M,,painting company+13,http://www.linkedin.com/company/painting-services-by-steve,https://facebook.com/PaintingServicesBySteve,https://twitter.com/PaintingbySteve,,,
The Dependable Painting Company,http://www.dependableptg.com,,,Cleveland,Ohio,,,,,,apollo,"painting company, painting service - Ohio",https://app.apollo.io/#/organizations/54a1353f69702d333d15b900?overrideScoreId=score,23.1M,,restoration services+47,http://www.linkedin.com/company/the-dependable-painting-co.,http://www.facebook.com/envato,http://twitter.com/envato,,,
Heiler Painting,http://www.heilerpainting.com,,,Media,Pennsylvania,,,,,,apollo,"painting company, painting service - Pennsylvania",https://app.apollo.io/#/organizations/5ef45bdd33527e0184a69242?overrideScoreId=score,,,,http://www.linkedin.com/company/heiler-painting,,,,,
Leach Painting Company,http://www.jleachpainting.com,,,Fenton,Missouri,,,,,,apollo,"painting company, painting service - Missouri",https://app.apollo.io/#/organizations/55f4e202f3e5bb16680031cb?overrideScoreId=score,17.2M,,wallcovering+47,http://www.linkedin.com/company/leach-painting-company,https://facebook.com/leach-painting-company-109238059149233,,,,
Steve's Painting Service LLC,http://www.stevespaintingbiz.com,,,Allentown,Pennsylvania,,,,,,apollo,"painting company, painting service - Pennsylvania",https://app.apollo.io/#/organizations/5500c5c973696460805c5100?overrideScoreId=score,,,,http://www.linkedin.com/company/steve's-painting-service-llc,,,,,
The Plummer Painting Company,http://www.plummerinc.com,,,Winter Park,Florida,,,,,,apollo,"painting company, painting service - Florida",https://app.apollo.io/#/organizations/6545f8889e2fb20001d2456e?overrideScoreId=score,11.2M,,repaint+70,http://www.linkedin.com/company/the-plummer-painting-company,,,,,
Custom Designers Inc,http://www.customdesignersinc.com,,,Portage,Indiana,,,,,,apollo,"painting company, painting service - Indiana",https://app.apollo.io/#/organizations/60498abfee00ee000197f973?overrideScoreId=score,18.7M,,interior painting+11,http://www.linkedin.com/company/custom-designers-inc,,,,,
Any Color You Like,http://www.anycoloryoulike.com,,,Brownsburg,Indiana,,,,,,apollo,"painting company, painting service - Indiana",https://app.apollo.io/#/organizations/54a129a869702db878a88401?overrideScoreId=score,,,home improvement+37,http://www.linkedin.com/company/any-color-you-like,,,,,
Mikes Painting Service,http://www.mikespaintingservice.com,,,Newman,California,,,,,,apollo,"painting company, painting service - California",https://app.apollo.io/#/organizations/667a7cb36758aa000103c3d0?overrideScoreId=score,,,,http://www.linkedin.com/company/mikes-painting-service,,,,,
"Mid South Painting, Inc.",http://www.midsouthpaintinginc.com,,,Mid South Painting,Inc.,,,,,,apollo,"painting company, painting service - Inc.",https://app.apollo.io/#/organizations/61ec11b554407500016c794f?overrideScoreId=score,,,commercial painting+52,http://www.linkedin.com/company/midsouthpainting,,,,,
Foothills Painting LLC,http://www.foothillspainting.co,,,Fort Collins,Colorado,,,,,,apollo,"painting company, painting service - Colorado",https://app.apollo.io/#/organizations/5d0a85b5f65125346a4e42ef?overrideScoreId=score,,,interior painting+53,http://www.linkedin.com/company/foothills-painting-llc,https://facebook.com/tr,https://twitter.com/fcpainters,,,
Coyles Painting,http://www.coylespainting.com,,,Mesa,Arizona,,,,,,apollo,"painting company, painting service - Arizona",https://app.apollo.io/#/organizations/5592306f736964191ec1bd00?overrideScoreId=score,,,,http://www.linkedin.com/company/coyles-painting,,,,,
PRO PTG INC,http://www.propaintingonline.com,,,Richardson,Texas,,,,,,apollo,"painting company, painting service - Texas",https://app.apollo.io/#/organizations/54a11fe269702d9d7ee30102?overrideScoreId=score,,,,http://www.linkedin.com/company/pro-painting-co,https://www.facebook.com/avpropaintingco,https://twitter.com/avpropaintingco,,,
"Emerald Painting, Inc.",http://www.emeraldpaintinginc.com,,,Emerald Painting,Inc.,,,,,,apollo,"painting company, painting service - Inc.",https://app.apollo.io/#/organizations/63c34b91ae9ec700013e5fb4?overrideScoreId=score,,,commercial painting+44,http://www.linkedin.com/company/emeraldpaintinginc,,,,,
Andy's Painting Company,http://www.andyspainting.com,,,Albuquerque,New Mexico,,,,,,apollo,"painting company, painting service - New Mexico",https://app.apollo.io/#/organizations/63a7bea8f7c09800a349acd5?overrideScoreId=score,,,exterior painting+11,http://www.linkedin.com/company/andyspainting,,,,,
Majestic Painting Company Inc.,http://www.majesticpainting.net,,,Aurora,Colorado,,,,,,apollo,"painting company, painting service - Colorado",https://app.apollo.io/#/organizations/5da27da4a2de8e0001a7038c?overrideScoreId=score,,,custom color schemes+45,http://www.linkedin.com/company/majestic-painting-company-inc,https://www.facebook.com/majesticpaintingcompany,,,,
MCCORMICK PAINTING COMPANY,http://www.mccormickequipmentrentals.com,,,Little Rock,Arkansas,,,,,,apollo,"painting company, painting service - Arkansas",https://app.apollo.io/#/organizations/672dd53ba379130001a6aeb9?overrideScoreId=score,4.0M,,,http://www.linkedin.com/company/mccormick-painting-company,https://facebook.com/pages/Maven/219081551481695,https://twitter.com/mavensf,,,
Dennis Moffitt Painting,http://www.experiencedmp.com,,,South Kingstown,Rhode Island,,,,,,apollo,"painting company, painting service - Rhode Island",https://app.apollo.io/#/organizations/61ad0161d5f8430001efb832?overrideScoreId=score,12.8M,,residential painting+69,http://www.linkedin.com/company/dennis-moffitt-painting,https://www.facebook.com/ExperienceDMP/,,,,
Murray Painting,http://www.murraypaint.net,,,Richmond,Virginia,,,,,,apollo,"painting company, painting service - Virginia",https://app.apollo.io/#/organizations/60b2503f7ea2d90001ba6f87?overrideScoreId=score,,,painting+53,http://www.linkedin.com/company/kenneth-murray-ba76684323,https://www.facebook.com/murraypaintingrva,,,,
Jerrys Painting Service,,,,Vacaville,California,,,,,,apollo,"painting company, painting service - California",https://app.apollo.io/#/organizations/5e57eb9f5e3c2600014db3a6?overrideScoreId=score,,,,http://www.linkedin.com/company/jerrys-painting-service,,,,,
"Roberge Painting Company, Inc.",http://www.robergepainting.com,,,Roberge Painting Company,Inc.,,,,,,apollo,"painting company, painting service - Inc.",https://app.apollo.io/#/organizations/5e56af21e8dafc0001895986?overrideScoreId=score,40.0M,,,http://www.linkedin.com/company/roberge-painting-company-inc.,https://facebook.com/robergepainting,,,,
Royal Painting Company LLC,,,,Baltimore,Maryland,,,,,,apollo,"painting company, painting service - Maryland",https://app.apollo.io/#/organizations/5592234e73696418dffb8d00?overrideScoreId=score,,,,http://www.linkedin.com/company/royal-painting-company-llc,,,,,
"ALC Construction, LLC",http://www.alcconstructioninc.com,,,Los Angeles,California,,,,,,apollo,"painting company, painting service - California",https://app.apollo.io/#/organizations/556db209736964126c4f7401?overrideScoreId=score,,,general contractor+50,http://www.linkedin.com/company/alc-construction-llc-,,,,,
Hart Painting Company,,,,Farmerville,Louisiana,,,,,,apollo,"painting company, painting service - Louisiana",https://app.apollo.io/#/organizations/556d4dd2736964124f8fda00?overrideScoreId=score,,,,http://www.linkedin.com/company/hart-painting-company,,,,,
Larson Bros. Painting,http://www.larsonbrospainting.com,,,Napa,California,,,,,,apollo,"painting company, painting service - California",https://app.apollo.io/#/organizations/54fca5e573696401aac03100?overrideScoreId=score,,,carpentry repair+92,http://www.linkedin.com/company/larson-bros-painting,https://www.facebook.com/larsonbrospainting/,https://twitter.com/larsonbrospaint,,,
Paint 4 You,http://www.paint4youcolumbus.com,,,Columbus,Ohio,,,,,,apollo,"painting company, painting service - Ohio",https://app.apollo.io/#/organizations/54a1393e69702d267a394c00?overrideScoreId=score,15.7M,,,http://www.linkedin.com/company/paint-4-you,https://facebook.com/paint4youcbus,,,,
Dynamic Painting LLC,http://www.dynamicpainting.net,,,Lewis Center,Ohio,,,,,,apollo,"painting company, painting service - Ohio",https://app.apollo.io/#/organizations/54a12a6f69702d8cfc384602?overrideScoreId=score,4M,,,http://www.linkedin.com/company/dynamic-painting-llc,https://facebook.com/dynamicpainting,https://twitter.com/dynamicpainting,,,
"PAINTERS PLUS, INC",http://www.paintersplus.com,,,Spartanburg,South Carolina,,,,,,apollo,"painting company, painting service - South Carolina",https://app.apollo.io/#/organizations/54a1278c69702d90a272ca00?overrideScoreId=score,25.8M,,texturingcabinets+63,http://www.linkedin.com/company/painters-plus-inc,,,,,
"DK Painting Company, Inc.",http://www.dkpainting.com,,,DK Painting Company,Inc.,,,,,,apollo,"painting company, painting service - Inc.",https://app.apollo.io/#/organizations/67d2d0ee06a6ef0021a5232a?overrideScoreId=score,,,b2bservices,http://www.linkedin.com/company/dk-painting-company-inc1,,,,,
"Weston Coatings Group, Inc.",http://www.westoncoatingsgroup.com,,,Weston Coatings Group,Inc.,,,,,,apollo,"painting company, painting service - Inc.",https://app.apollo.io/#/organizations/63c4d387898fcc00019764bc?overrideScoreId=score,,,building coatings+48,http://www.linkedin.com/company/weston-coatings-group-inc.,,,,,
MacKenzie Painting Company,http://www.mackenziepaintingco.com,,,Stratford,Connecticut,,,,,,apollo,"painting company, painting service - Connecticut",https://app.apollo.io/#/organizations/5fca04f7be1c6100014ef215?overrideScoreId=score,,,painting+19,http://www.linkedin.com/company/mackenziepaintingco,,,,,
Texas Painting Company,http://www.repaintingtexas.com,,,Austin,Texas,,,,,,apollo,"painting company, painting service - Texas",https://app.apollo.io/#/organizations/54a1354569702d36c962bd00?overrideScoreId=score,,,home servicespainters,http://www.linkedin.com/company/texas-painting-company,https://www.facebook.com/TexasPaintingCompany,,,,
Florida Painting Service,http://www.floridapaintingcompany.com,,,Orange Park,Florida,,,,,,apollo,"painting company, painting service - Florida",https://app.apollo.io/#/organizations/673707b3e0f11f0001c1c417?overrideScoreId=score,,,,http://www.linkedin.com/company/florida-painting-service,https://www.facebook.com/profile.php,https://twitter.com/Florida_Company,,,
Artisan Painting llc,http://www.artisanpaintingllc.com,,,Media,Pennsylvania,,,,,,apollo,"painting company, painting service - Pennsylvania",https://app.apollo.io/#/organizations/6458d68d18675c00dc79713d?overrideScoreId=score,,,,http://www.linkedin.com/company/artisanpaintingllc,,,,,
Midway Painting Company,http://www.midwaypaintingcompany.com,,,Midway,Utah,,,,,,apollo,"painting company, painting service - Utah",https://app.apollo.io/#/organizations/6437c6510822f100a300cf04?overrideScoreId=score,,,roman clay+49,http://www.linkedin.com/company/midway-painting-company,https://facebook.com/midwaypaintingcompany,,,,
"Hursh Painting Co., Inc.",http://www.hurshpainting.com,,,Hanover,Pennsylvania,,,,,,apollo,"painting company, painting service - Pennsylvania",https://app.apollo.io/#/organizations/6391f533e83992000107bd37?overrideScoreId=score,20.2M,,residential painting+65,http://www.linkedin.com/company/hursh-painting-co-inc,https://www.facebook.com/people/Hursh-Painting-Co-Inc/100057573815023/,,,,
Winner's Circle Painting,http://www.winnerscirclepaint.com,,,Nicholasville,Kentucky,,,,,,apollo,"painting company, painting service - Kentucky",https://app.apollo.io/#/organizations/5e57eb0605b1890001ae5f3d?overrideScoreId=score,,,epoxy flooring+47,http://www.linkedin.com/company/winnerscirclepainting,https://www.facebook.com/WinnersCirclePainting/,,,,
Paintco Painters,http://www.paintcopainters.com,,,Greenwood,Indiana,,,,,,apollo,"painting company, painting service - Indiana",https://app.apollo.io/#/organizations/5a9e3d59a6da98d98c6c8bc7?overrideScoreId=score,,,commercial painting+71,http://www.linkedin.com/company/paintcopainters,https://facebook.com/1113443792160401,https://twitter.com/paintcopainters,,,
Eugenio Painting Company,http://www.eugeniopainting.com,,,Grosse Pointe Woods,Michigan,,,,,,apollo,"painting company, painting service - Michigan",https://app.apollo.io/#/organizations/56dc1513f3e5bb7ec20035d7?overrideScoreId=score,29.3M,,,http://www.linkedin.com/company/eugenio-painting-company,,,,,
World Painting Company,http://www.worldpaintingcompany.com,,,Bloomington,Illinois,,,,,,apollo,"painting company, painting service - Illinois",https://app.apollo.io/#/organizations/54a1352169702d42556b7300?overrideScoreId=score,3.7M,,multifamily units+13,http://www.linkedin.com/company/world-painting-company,https://facebook.com/WorldPaintingCompany,https://twitter.com/world_painting,,,
CHERRY PAINTING COMPANY,,,,Carrollton,Texas,,,,,,apollo,"painting company, painting service - Texas",https://app.apollo.io/#/organizations/67275ea062f46c0001c87d3d?overrideScoreId=score,,,,http://www.linkedin.com/company/cherry-painting-company,,,,,
STATE PAINTING COMPANY,http://www.st8ptg.com,,,West Allis,Wisconsin,,,,,,apollo,"painting company, painting service - Wisconsin",https://app.apollo.io/#/organizations/66e90c9eba65b70001413cb8?overrideScoreId=score,,,,http://www.linkedin.com/company/state-painting-company,,,,,
"STEVE'S PAINTING SERVICE, INC.",http://www.stevespaintingserviceinc.com,,,San Jose,California,,,,,,apollo,"painting company, painting service - California",https://app.apollo.io/#/organizations/66e5768c15b550000182931e?overrideScoreId=score,,,,http://www.linkedin.com/company/steve's-painting-service-inc.,,,,,
Fresh Start Painting Company,,,,Long Branch,New Jersey,,,,,,apollo,"painting company, painting service - New Jersey",https://app.apollo.io/#/organizations/65505085c27fa30001ebb34d?overrideScoreId=score,,,paintingrenovations+4,http://www.linkedin.com/company/fresh-start-painting-company,,,,,
G&R Painting Company,http://www.gnrpainting.co,,,Hillsboro,Oregon,,,,,,apollo,"painting company, painting service - Oregon",https://app.apollo.io/#/organizations/5ed35283f2ab0d000110b7d9?overrideScoreId=score,,,paintingremodels+5,http://www.linkedin.com/company/g-r-painting-company,,,,,
Renaissance - A Painting Company,http://www.ren-painting.com,,,Glastonbury,Connecticut,,,,,,apollo,"painting company, painting service - Connecticut",https://app.apollo.io/#/organizations/54a1358369702d48e2bc9c00?overrideScoreId=score,,,,http://www.linkedin.com/company/renaissance---a-painting-company,,,,,
GOTHAM PAINTING COMPANY INC.,,,,New York,New York,,,,,,apollo,"painting company, painting service - New York",https://app.apollo.io/#/organizations/672c5575ddd5e600014fcbe7?overrideScoreId=score,,,,http://www.linkedin.com/company/gotham-painting-company-inc.,,,,,
Carls Painting Service,http://www.carls-painting.com,,,Hubertus,Wisconsin,,,,,,apollo,"painting company, painting service - Wisconsin",https://app.apollo.io/#/organizations/670156942fa6a60001441819?overrideScoreId=score,,,,http://www.linkedin.com/company/carls-painting-service,,,,,
Metro-Multi Construction & Remodeling,http://www.metromulticonstruction.com,,,Troy,Michigan,,,,,,apollo,"painting company, painting service - Michigan",https://app.apollo.io/#/organizations/65b93cfe5efc3601c6b06c29?overrideScoreId=score,,,construction+61,http://www.linkedin.com/company/metro-multi-construction-remodeling,,,,,
Alpine Painting,http://www.alpinepaintingcompany.com,,,Ann Arbor,Michigan,,,,,,apollo,"painting company, painting service - Michigan",https://app.apollo.io/#/organizations/655abd1c99780d00019ae17c?overrideScoreId=score,,,house painting+27,http://www.linkedin.com/company/alpine-painting,https://www.facebook.com/alpinepaintingllc,,,,
Henry's Painting & Contracting,http://www.henryspaintingcontract.com,,,Coralville,Iowa,,,,,,apollo,"painting company, painting service - Iowa",https://app.apollo.io/#/organizations/61ada06ab989900001fe3063?overrideScoreId=score,,,interior+111,http://www.linkedin.com/company/henryspaintingcontracting,https://www.facebook.com/henryspaintingcontract/,,,,
Rossi Painting & Construction,http://www.rossipainting.com,,,San Carlos,California,,,,,,apollo,"painting company, painting service - California",https://app.apollo.io/#/organizations/604a9bd9a8096d0001c3d87a?overrideScoreId=score,,,painting+54,http://www.linkedin.com/company/rossipainting,,,,,
Paper Moon Painting,http://www.papermoonpainting.com,,,San Antonio,Texas,,,,,,apollo,"painting company, painting service - Texas",https://app.apollo.io/#/organizations/5fca250562cea0000187b751?overrideScoreId=score,,,home painting+78,http://www.linkedin.com/company/paper-moon-painting,,,,,
Nashville Painting Company,http://www.nashvillepaintingcompany.com,,,Crossville,Tennessee,,,,,,apollo,"painting company, painting service - Tennessee",https://app.apollo.io/#/organizations/5fc8d824d510e800017c9d29?overrideScoreId=score,,,residential painting+41,http://www.linkedin.com/company/nashville-painting-company,https://www.facebook.com/Nashvillepaintingcompany/,,,,
The Ohio Painting Company,http://www.ohiopainting.com,,,Miamisburg,Ohio,,,,,,apollo,"painting company, painting service - Ohio",https://app.apollo.io/#/organizations/56d522f0f3e5bb43e20013e2?overrideScoreId=score,,,,http://www.linkedin.com/company/ohiopainting,https://facebook.com/ohiopaintingco,,,,
J.W. Peterson Painting Inc.,http://www.jwpetersonpainting.com,,,Livermore,California,,,,,,apollo,"painting company, painting service - California",https://app.apollo.io/#/organizations/556ceec47369641226a04f00?overrideScoreId=score,,,commercial painting+52,http://www.linkedin.com/company/j-w-peterson-painting-inc-,,,,,
Rainbow Painting Service,http://www.rainbowpaintingservices.com,,,Fredericksburg,Virginia,,,,,,apollo,"painting company, painting service - Virginia",https://app.apollo.io/#/organizations/674d843b3471db000134278c?overrideScoreId=score,,,home servicespainters,http://www.linkedin.com/company/rainbow-painting-service,,,,,
Bates Painting Company,http://www.batespainting.com,,,Kansas City,Missouri,,,,,,apollo,"painting company, painting service - Missouri",https://app.apollo.io/#/organizations/64ab15e5b961d30001b37c26?overrideScoreId=score,,,commercial painting+34,http://www.linkedin.com/company/bates-painting-company,https://www.facebook.com/batespaintingcompany/,,,,
"L&J Painting, Inc.",http://www.landjpainting.com,,,L&J Painting,Inc.,,,,,,apollo,"painting company, painting service - Inc.",https://app.apollo.io/#/organizations/64568bdfc715fa00a3376f58?overrideScoreId=score,,,,http://www.linkedin.com/company/l-j-painting-inc,,,,,
Painting Solutions Inc.,http://www.paintingsolutionsaz.com,,,Phoenix,Arizona,,,,,,apollo,"painting company, painting service - Arizona",https://app.apollo.io/#/organizations/614d81da3a98da000123ce57?overrideScoreId=score,,,epoxy coatings+82,http://www.linkedin.com/company/painting-solutions-inc,https://www.facebook.com/PaintingSolutionsAZ/,,,,
Elk Horn Painting,http://www.elkhornpainting.com,,,Castle Rock,Colorado,,,,,,apollo,"painting company, painting service - Colorado",https://app.apollo.io/#/organizations/5e5696bb34bf3400011688b2?overrideScoreId=score,,,painting+58,http://www.linkedin.com/company/elk-horn-painting,https://www.facebook.com/Elk-Horn-Painting-LLC-523380701184142/,,,,
Performance Painting Company,http://www.performancepainting.co,,,Oklahoma City,Oklahoma,,,,,,apollo,"painting company, painting service - Oklahoma",https://app.apollo.io/#/organizations/5d3455d680f93e3a27062ce1?overrideScoreId=score,,,exterior painting+31,http://www.linkedin.com/company/performance-painting-company,,,,,
Elite Painting Service,http://www.elitepaintingservicesplus.com,,,Simsbury,Connecticut,,,,,,apollo,"painting company, painting service - Connecticut",https://app.apollo.io/#/organizations/5d099b21a3ae61f4deba5f4a?overrideScoreId=score,4.7M,,contractors+3,http://www.linkedin.com/company/elite-painting-service,https://www.facebook.com/elitepaintingservicesplus,https://twitter.com/elitepaintingsp,,,
Joes Painting Service,http://www.joespremiumpainting.com,,,Huntington Beach,California,,,,,,apollo,"painting company, painting service - California",https://app.apollo.io/#/organizations/5d093dbcf6512528599f6548?overrideScoreId=score,,,building supplies+13,http://www.linkedin.com/company/joes-painting-service,,,,,
Country Boys Painting,http://www.countryboyspainting.com,,,Phoenix,Arizona,,,,,,apollo,"painting company, painting service - Arizona",https://app.apollo.io/#/organizations/56e6ea80f3e5bb3a24013090?overrideScoreId=score,,,hoa properties+54,http://www.linkedin.com/company/country-boys-painting,,,,,
Ace Painting Service Inc.,http://www.ace-painting.com,,,Fullerton,California,,,,,,apollo,"painting company, painting service - California",https://app.apollo.io/#/organizations/56d9553ef3e5bb2cc300194c?overrideScoreId=score,,,,http://www.linkedin.com/company/ace-painting-service-inc-,,,,,
Regal Custom Painting Inc,http://www.regalcustompainting.com,,,Palm Bay,Florida,,,,,,apollo,"painting company, painting service - Florida",https://app.apollo.io/#/organizations/556de42773696412269aba01?overrideScoreId=score,,,interior painting+44,http://www.linkedin.com/company/regal-custom-painting-inc,,,,,
McCahill Painting Company,http://www.mccahillpainting.com,,,Romeoville,Illinois,,,,,,apollo,"painting company, painting service - Illinois",https://app.apollo.io/#/organizations/54a1399169702d231fbb8000?overrideScoreId=score,5.5M,,industrial painting+64,http://www.linkedin.com/company/mccahill-painting-company,https://www.facebook.com/McCahillPaintingCompany,,,,
"ESP Painting, Inc",http://www.esppainting.com,,,ESP Painting,Inc,,,,,,apollo,"painting company, painting service - Inc",https://app.apollo.io/#/organizations/54a134a869702d3a9cd04e00?overrideScoreId=score,1.5M,,interior painting+52,http://www.linkedin.com/company/esp-painting-inc,https://facebook.com/esppainting,https://twitter.com/ESPPainting,,,
Partnership Painting,http://www.partnershippainting.com,,,Pasadena,California,,,,,,apollo,"painting company, painting service - California",https://app.apollo.io/#/organizations/54a12ad969702d9313675f02?overrideScoreId=score,21.7M,,interior paint+76,http://www.linkedin.com/company/partnership-painting,https://facebook.com/pages/Partnership-Painting-Inc/342152141803,https://twitter.com/partnerspaint,,,
DWH Painting Company Inc.,,,,Durham,North Carolina,,,,,,apollo,"painting company, painting service - North Carolina",https://app.apollo.io/#/organizations/6696e5b121aa42000180b1ea?overrideScoreId=score,,,,http://www.linkedin.com/company/dwh-painting-company-inc-,,,,,
Finaltone Painting Company,http://www.finaltonepainting.com,,,Maple Grove,Minnesota,,,,,,apollo,"painting company, painting service - Minnesota",https://app.apollo.io/#/organizations/654896fe1dd39700017702db?overrideScoreId=score,,,commercial+98,http://www.linkedin.com/company/finaltone,https://www.facebook.com/finaltonepainting,,,,
Midwest Painting Company,http://www.midwestpainting.net,,,Brighton,Michigan,,,,,,apollo,"painting company, painting service - Michigan",https://app.apollo.io/#/organizations/64045e1c46f4a400010763be?overrideScoreId=score,,,detailed estimates+55,http://www.linkedin.com/company/midwestpaintingcompany,,,,,
Rice Painting Company,http://www.ricepaintingcompany.com,,,Charlotte,North Carolina,,,,,,apollo,"painting company, painting service - North Carolina",https://app.apollo.io/#/organizations/615e9513d42fd60001065174?overrideScoreId=score,,,,http://www.linkedin.com/company/ricepaintingcompany,,,,,
"Carolina Painting Company, Inc.",http://www.carolinapainting.com,,,Carolina Painting Company,Inc.,,,,,,apollo,"painting company, painting service - Inc.",https://app.apollo.io/#/organizations/5f48b6a18dedc90001db0449?overrideScoreId=score,7.2M,,commercial coatings+61,http://www.linkedin.com/company/carolinapaintingco,https://facebook.com/CarolinaPaintingCoInc,https://twitter.com/CarolinaPaintng,,,
Smile-A-Mile Painting,http://www.smileamilepainting.com,,,Kennewick,Washington,,,,,,apollo,"painting company, painting service - Washington",https://app.apollo.io/#/organizations/5e57a7be7e83710001e0f38c?overrideScoreId=score,,,paintinginterior+68,http://www.linkedin.com/company/smile-a-mile-painting,https://facebook.com/pages/Smile-A-Mile-Painting/214270765288169,,,,
Triangle Painting & Siding,http://www.paintthetriangle.com,,,Apex,North Carolina,,,,,,apollo,"painting company, painting service - North Carolina",https://app.apollo.io/#/organizations/5da34db2c7968e0001628d18?overrideScoreId=score,,,exterior painting+61,http://www.linkedin.com/company/triangle-painting-solutions,,,,,
Nevada Painting Company,http://www.nevadapaintingcompany.com,,,Las Vegas,Nevada,,,,,,apollo,"painting company, painting service - Nevada",https://app.apollo.io/#/organizations/5a9dc699a6da98d96640d71d?overrideScoreId=score,14.0M,,painting contractor+54,http://www.linkedin.com/company/nevada-painting-company,https://facebook.com/lasvegaspainters,,,,
PAINT POWER,http://www.paintpower.net,,,New York,New York,,,,,,apollo,"painting company, painting service - New York",https://app.apollo.io/#/organizations/55f11456f3e5bb500c000da2?overrideScoreId=score,5.3M,,wallpaper removal+55,http://www.linkedin.com/company/paint-power,https://facebook.com/pages/PAINT-POWER/507008109338518,https://twitter.com/PAINTPOWER_NET,,,
RCI PAINTING,http://www.rcipainting.com,,,Boynton Beach,Florida,,,,,,apollo,"painting company, painting service - Florida",https://app.apollo.io/#/organizations/55ef96f9f3e5bb7b190007de?overrideScoreId=score,11.8M,,customer satisfaction+54,http://www.linkedin.com/company/rci-painting,,,,,
ACC Painting Service,http://www.accpaintingservice.com,,,Mobile,Alabama,,,,,,apollo,"painting company, painting service - Alabama",https://app.apollo.io/#/organizations/671488688d35110001e89c73?overrideScoreId=score,,,,http://www.linkedin.com/company/acc-painting-service,,,,,
Dougherty Painting Company,http://www.dohertypainting.com,,,Phoenix,Arizona,,,,,,apollo,"painting company, painting service - Arizona",https://app.apollo.io/#/organizations/556d8fb77369641226d03a01?overrideScoreId=score,,,,http://www.linkedin.com/company/dougherty-painting-company,,,,,
WILDCAT PAINTING COMPANY L.L.C.,http://www.wildcatpaintingcompany.com,,,Tucson,Arizona,,,,,,apollo,"painting company, painting service - Arizona",https://app.apollo.io/#/organizations/66f52b695a44f10001b41200?overrideScoreId=score,,,,http://www.linkedin.com/company/wildcat-painting-company-l.l.c.,,,,,
Adix Painting - Dedicated to Raising the Standard for Residential Interior and Exterior Painting,http://www.adixpainting.com,,,Phoenix,Arizona,,,,,,apollo,"painting company, painting service - Arizona",https://app.apollo.io/#/organizations/5b13331da6da98dcb5c7d637?overrideScoreId=score,,,coaching+14,http://www.linkedin.com/company/adix-painting-phoenix-az,,,,,
"TOP STAR PAINTING SERVICE, INC.",http://www.topstarpainting.com,,,Glendale,Arizona,,,,,,apollo,"painting company, painting service - Arizona",https://app.apollo.io/#/organizations/6739070340844d0001e106b7?overrideScoreId=score,,,,http://www.linkedin.com/company/top-star-painting-service-inc.,,,,,
DCR Painting Service,http://www.dcrpainting.com,,,San Tan Valley,Arizona,,,,,,apollo,"painting company, painting service - Arizona",https://app.apollo.io/#/organizations/6730328ecd1c1f00017f2ca8?overrideScoreId=score,25.5M,,,http://www.linkedin.com/company/dcr-painting-service,https://www.facebook.com/dcrpaintingaz,,,,
CAPITAL PAINTING COMPANY LLC,http://www.capitalpaintingcompany.com,,,Gilbert,Arizona,,,,,,apollo,"painting company, painting service - Arizona",https://app.apollo.io/#/organizations/66f8d0bde0d5a00001b4789d?overrideScoreId=score,,,,http://www.linkedin.com/company/capital-painting-company-llc,https://www.facebook.com/CapitalPaintingCompany,,,,
Turpin Painting Company Inc,,,,Little Rock,Arkansas,,,,,,apollo,"painting company, painting service - Arkansas",https://app.apollo.io/#/organizations/55921aff73696418f64c6f00?overrideScoreId=score,,,,http://www.linkedin.com/company/turpin-painting-company-inc,,,,,
Quality Painting Company,http://www.adamroepaint.com,,,Camden,Arkansas,,,,,,apollo,"painting company, painting service - Arkansas",https://app.apollo.io/#/organizations/674810bf3e0e4200017de341?overrideScoreId=score,,,,http://www.linkedin.com/company/quality-painting-company,,,,,
"D AND B PAINTING COMPANY, INC.",http://www.dbpaint.com,,,Oakland,California,,,,,,apollo,"painting company, painting service - California",https://app.apollo.io/#/organizations/55ef63dff3e5bb49b10005c7?overrideScoreId=score,,,,http://www.linkedin.com/company/d-and-b-painting-company-inc-,,,,,
MIGALE PAINTING COMPANY,http://www.migalepainting.com,,,Novato,California,,,,,,apollo,"painting company, painting service - California",https://app.apollo.io/#/organizations/66f1070d3a3bc5000178f9bf?overrideScoreId=score,,,,http://www.linkedin.com/company/migale-painting-company,,,,,
MPG Painting,http://www.mpgpainting.net,,,Sacramento,California,,,,,,apollo,"painting company, painting service - California",https://app.apollo.io/#/organizations/60b1e99bd26791000182aa36?overrideScoreId=score,,,,http://www.linkedin.com/company/mpg-painting,,,,,
CH Painting Company,http://www.chinohillspainting.com,,,Chino Hills,California,,,,,,apollo,"painting company, painting service - California",https://app.apollo.io/#/organizations/674b22abc0db0800013ee8f3?overrideScoreId=score,,,,http://www.linkedin.com/company/ch-painting-company,,,,,
"JFP PAINTING SERVICE, INC.",http://www.jfppaintingservice.com,,,Fountain Valley,California,,,,,,apollo,"painting company, painting service - California",https://app.apollo.io/#/organizations/670b08b67524d000012a08ab?overrideScoreId=score,32.6M,,,http://www.linkedin.com/company/jfp-painting-service-inc.,,,,,
Marin Painting Company,http://www.marinpainting.com,,,Novato,California,,,,,,apollo,"painting company, painting service - California",https://app.apollo.io/#/organizations/66fd0fffcfaef40001d842a6?overrideScoreId=score,,,,http://www.linkedin.com/company/marin-painting-company,,,,,
Browder Painting Company,http://www.browderpainting.com,,,San Luis Obispo,California,,,,,,apollo,"painting company, painting service - California",https://app.apollo.io/#/organizations/664965a3f22ed9000176daa0?overrideScoreId=score,6.0M,,power washing+11,http://www.linkedin.com/company/browder-painting,https://facebook.com/browderpainting,https://twitter.com/BrowderPainting,,,
Sierra West Painting Company,http://www.sierrawestpainting.com,,,Costa Mesa,California,,,,,,apollo,"painting company, painting service - California",https://app.apollo.io/#/organizations/673daf2988b2320001466d26?overrideScoreId=score,4.2M,,,http://www.linkedin.com/company/sierra-west-painting-company,https://facebook.com/pages/Sierra-West-Painting-Co/335900239915153,https://twitter.com/_SWPainting,,,
Award Painting Company,http://www.awardpaintingco.com,,,Fairfield,California,,,,,,apollo,"painting company, painting service - California",https://app.apollo.io/#/organizations/55e8c19ff3e5bb144800006f?overrideScoreId=score,,,,http://www.linkedin.com/company/award-painting-co,,,,,
Brian Miller Painting Company,http://www.brianmillerpaintingcompany.com,,,San Marcos,California,,,,,,apollo,"painting company, painting service - California",https://app.apollo.io/#/organizations/673158230af9f60001e9248d?overrideScoreId=score,,,,http://www.linkedin.com/company/brian-miller-painting-company,,,,,
"PEACOCK PAINTING COMPANY, INC.",http://www.peacockpaintingco.com,,,Novato,California,,,,,,apollo,"painting company, painting service - California",https://app.apollo.io/#/organizations/66f83cf74a9bbc00012149cd?overrideScoreId=score,,,,http://www.linkedin.com/company/peacock-painting-company-inc.,,,,,
PaintPros of Napa Valley,http://www.paintprosnapa.com,,,Napa,California,,,,,,apollo,"painting company, painting service - California",https://app.apollo.io/#/organizations/5edbac7c4d8c35000196485a?overrideScoreId=score,,,,http://www.linkedin.com/company/paint-pros-napa-valley-inc,,,,,
Kent Painting Company Inc.,http://www.kentpaintinginc.com,,,Fresno,California,,,,,,apollo,"painting company, painting service - California",https://app.apollo.io/#/organizations/54a12a3969702d8cfc3f3002?overrideScoreId=score,,,epoxy+8,http://www.linkedin.com/company/kent-painting-company-inc.,,,,,
Eco-Clean Painting,http://www.ecocleanpainting.com,,,Atascadero,California,,,,,,apollo,"painting company, painting service - California",https://app.apollo.io/#/organizations/6761644024da9f01b1278e9c?overrideScoreId=score,,,interior painting+10,http://www.linkedin.com/company/eco-clean-painting-commercial-residential-paso-robles-san-luis-obispo,https://www.facebook.com/ECO.CLEAN.PAINTERS,,,,
Web’s Painting Company,http://www.webspainting.com,,,Los Angeles,California,,,,,,apollo,"painting company, painting service - California",https://app.apollo.io/#/organizations/673f0b0f7199f900018dffb1?overrideScoreId=score,,,,http://www.linkedin.com/company/web%e2%80%99s-painting-company,,,,,
Applied Artistry A Painting Company,http://www.appliedartistry.com,,,Huntington Beach,California,,,,,,apollo,"painting company, painting service - California",https://app.apollo.io/#/organizations/6731143ccfd91b00011cc7d4?overrideScoreId=score,9.7M,,,http://www.linkedin.com/company/applied-artistry-a-painting-company,https://facebook.com/appliedartistry,,,,
"MARZ PAINTING COMPANY, THE",http://www.marzpaintingco.com,,,Sacramento,California,,,,,,apollo,"painting company, painting service - California",https://app.apollo.io/#/organizations/672ef78ccd1c1f000173c259?overrideScoreId=score,5.5M,,,http://www.linkedin.com/company/marz-painting-company-the,https://facebook.com/pages/Marz-Painting-Co/1483150408583282,https://twitter.com/MarzPaintingCo,,,
NEALS PAINTING COMPANY INC,http://www.nealspainting.com,,,Fairfield,California,,,,,,apollo,"painting company, painting service - California",https://app.apollo.io/#/organizations/67269a4393de3b0001aeb812?overrideScoreId=score,34.3M,,,http://www.linkedin.com/company/neals-painting-company-inc,https://www.facebook.com/Neals-Painting-194579834221145/,,,,
Mr. Painter Painting Company,http://www.paintingcontractorturlock.com,,,Keyes,California,,,,,,apollo,"painting company, painting service - California",https://app.apollo.io/#/organizations/6714bdc7e73ec000013dab9c?overrideScoreId=score,35.9M,,,http://www.linkedin.com/company/mr.-painter-painting-company,https://facebook.com/pages/Mr-painter-painting-co/929805607034929,,,,
Moya Painting,http://www.moyapaintinganddecorating.com,,,San Francisco,California,,,,,,apollo,"painting company, painting service - California",https://app.apollo.io/#/organizations/65f7e96e1aec6a01c680c2be?overrideScoreId=score,,,paintingdesign+56,http://www.linkedin.com/company/moya-painting-and-decorating,,,,,
ALL LOS ANGELES PAINTING COMPANY INC.,http://www.alllosangelespaintingcompany.com,,,Los Angeles,California,,,,,,apollo,"painting company, painting service - California",https://app.apollo.io/#/organizations/65c494825b212b0001d9c2b9?overrideScoreId=score,,,paint color selection+52,http://www.linkedin.com/company/all-los-angeles-painting-company-inc.,,,,,
U.S National Corp dba Jimenez Painting Company,,,,Los Angeles,California,,,,,,apollo,"painting company, painting service - California",https://app.apollo.io/#/organizations/5e57bbde5c00fd000191cdaf?overrideScoreId=score,,,paintingarts & crafts+1,http://www.linkedin.com/company/u-s-national-corp-dba-jimenez-painting-company,,,,,
Condor National Painting Company,http://www.condornationalpainting.com,,,Los Angeles,California,,,,,,apollo,"painting company, painting service - California",https://app.apollo.io/#/organizations/674ce06ca3c1bb00010e1a1f?overrideScoreId=score,,,,http://www.linkedin.com/company/condor-national-painting-company,,,,,
Pro Painting Service,http://www.propaintingservice.com,,,San Jose,California,,,,,,apollo,"painting company, painting service - California",https://app.apollo.io/#/organizations/66ff80ab13e8b3000151a524?overrideScoreId=score,,,,http://www.linkedin.com/company/pro-painting-service,,,,,
B.E.S. Painting Company,http://www.bespainting.com,,,Long Beach,California,,,,,,apollo,"painting company, painting service - California",https://app.apollo.io/#/organizations/66d4b36170ecc9000134b5c0?overrideScoreId=score,,,,http://www.linkedin.com/company/b.e.s.-painting-company,https://facebook.com/bespainting,,,,
Design Systems Painting Company,http://www.designsystemspainting.com,,,Carmichael,California,,,,,,apollo,"painting company, painting service - California",https://app.apollo.io/#/organizations/6642f96a701ae60001901c62?overrideScoreId=score,,,commercial painting+3,http://www.linkedin.com/company/design-systems-painting-inc,https://www.facebook.com/107847251768627,,,,
Expressions Painting Company,http://www.expressionspaintingco.com,,,Stockton,California,,,,,,apollo,"painting company, painting service - California",https://app.apollo.io/#/organizations/65546a731a843a0001c72c1c?overrideScoreId=score,,,,http://www.linkedin.com/company/expressions-painting-company,https://www.facebook.com/Expressionspaintingcompany/,,,,
Great Walls Painting Inc,http://www.greatwallspainting.com,,,San Jose,California,,,,,,apollo,"painting company, painting service - California",https://app.apollo.io/#/organizations/654dcfb2dd1ecf0001aed7d4?overrideScoreId=score,,,residential+70,http://www.linkedin.com/company/great-walls-painting-inc,https://www.facebook.com/Commercial.Residential.Painting,,,,
Walls n Beyond Painting Company,http://www.wallsnbeyond.com,,,San Mateo,California,,,,,,apollo,"painting company, painting service - California",https://app.apollo.io/#/organizations/54fca1e27369647d9b740c00?overrideScoreId=score,,,barbequeburgers+4,http://www.linkedin.com/company/walls-n-beyond,,,,,
NELAN PAINTING COMPANY INC.,http://www.nelanpainting.com,,,Laguna Beach,California,,,,,,apollo,"painting company, painting service - California",https://app.apollo.io/#/organizations/67318eef9c24470001e6fbd6?overrideScoreId=score,,,,http://www.linkedin.com/company/nelan-painting-company-inc.,,,,,
Sparkle Painting Service,http://www.sparklepaintingservice.com,,,Rancho Cordova,California,,,,,,apollo,"painting company, painting service - California",https://app.apollo.io/#/organizations/672ef390e4b421000198d016?overrideScoreId=score,716K,,,http://www.linkedin.com/company/sparkle-painting-service,https://facebook.com/pages/Sparkle-Painting-Service/614736545261101,https://twitter.com/SparklePaintin1,,,
"RINGLEVER PAINTING COMPANY, INC.",http://www.ringleverpainting.com,,,Oceanside,California,,,,,,apollo,"painting company, painting service - California",https://app.apollo.io/#/organizations/6727063d0426250001775b20?overrideScoreId=score,,,,http://www.linkedin.com/company/ringlever-painting-company-inc.,,,,,
"PEPPERLING PAINTING COMPANY, INC.",http://www.peppaints.com,,,Torrance,California,,,,,,apollo,"painting company, painting service - California",https://app.apollo.io/#/organizations/672477a6a93e7e000192655c?overrideScoreId=score,,,,http://www.linkedin.com/company/pepperling-painting-company-inc.,,,,,
Anselm Painting Company,http://www.paintthesky.biz,,,Arroyo Grande,California,,,,,,apollo,"painting company, painting service - California",https://app.apollo.io/#/organizations/6715cf41eb99680001e00ef5?overrideScoreId=score,,,,http://www.linkedin.com/company/anselm-painting-company,,,,,
Jay’s Painting Service - Sacramento,http://www.jays-painting-service-sacramento.com,,,Sacramento,California,,,,,,apollo,"painting company, painting service - California",https://app.apollo.io/#/organizations/66f7ee7ad3435c0001be91fe?overrideScoreId=score,1.4M,,,http://www.linkedin.com/company/jay%e2%80%99s-painting-service---sacramento,https://www.facebook.com/jayspaintingsacramento,https://twitter.com/jayspaintingsac,,,
Master Glow Painting Company,http://www.masterglowpainting.com,,,Sunnyvale,California,,,,,,apollo,"painting company, painting service - California",https://app.apollo.io/#/organizations/66f29cb14065b00001602fee?overrideScoreId=score,,,,http://www.linkedin.com/company/master-glow-painting-company,,,,,
Montano’s Painting Company,http://www.montanos-painting.com,,,Anaheim,California,,,,,,apollo,"painting company, painting service - California",https://app.apollo.io/#/organizations/66eea173858f5600016fdb66?overrideScoreId=score,,,,http://www.linkedin.com/company/montano%e2%80%99s-painting-company,,,,,
U & S Painting Company,http://www.unspainting.net,,,Los Angeles,California,,,,,,apollo,"painting company, painting service - California",https://app.apollo.io/#/organizations/66ed41eeb5a29a000169f073?overrideScoreId=score,,,,http://www.linkedin.com/company/u-&-s-painting-company,,,,,
2020 Painting Company,http://www.2020paintingcompany.com,,,La Mesa,California,,,,,,apollo,"painting company, painting service - California",https://app.apollo.io/#/organizations/66d3f2443f06c50001ff869e?overrideScoreId=score,,,,http://www.linkedin.com/company/2020-painting-company,,,,,
The Better Painting Company,http://www.thebetterpaintingco.com,,,San Diego,California,,,,,,apollo,"painting company, painting service - California",https://app.apollo.io/#/organizations/641a8fddfa64490001c646a5?overrideScoreId=score,,,house painting+4,http://www.linkedin.com/company/the-better-painting-company,,,,,
LIME Painting® of Northern Colorado,http://www.limepaintingofnortherncolorado.com,,,Boulder,Colorado,,,,,,apollo,"painting company, painting service - Colorado",https://app.apollo.io/#/organizations/5e5833db2895460001e00815?overrideScoreId=score,,,,http://www.linkedin.com/company/limenortherncolorado,,,,,
A Quality Paint Job,http://www.aqualitypaintjob.com,,,Colorado Springs,Colorado,,,,,,apollo,"painting company, painting service - Colorado",https://app.apollo.io/#/organizations/54a23b327468693cddf82818?overrideScoreId=score,,,stain fine millwork+51,http://www.linkedin.com/company/a-quality-paint-job,,,,,
Painting NoCo,http://www.paintingnoco.com,,,Loveland,Colorado,,,,,,apollo,"painting company, painting service - Colorado",https://app.apollo.io/#/organizations/5e55f0efc786930001b7dcae?overrideScoreId=score,,,wallpaper removal+53,http://www.linkedin.com/company/painting-noco,,,,,
"Highland Painting Company, LLC",http://www.highlandpaintingpros.com,,,Denver,Colorado,,,,,,apollo,"painting company, painting service - Colorado",https://app.apollo.io/#/organizations/672659c06919ee000128f3bc?overrideScoreId=score,,,,http://www.linkedin.com/company/highland-painting-company-llc,,,,,
"RW Professional Painting, LLC",http://www.rwpropainting.com,,,Littleton,Colorado,,,,,,apollo,"painting company, painting service - Colorado",https://app.apollo.io/#/organizations/5ed5f1072419f6000110140d?overrideScoreId=score,,,deck & fence staining+49,http://www.linkedin.com/company/rw-professional-painting-llc,https://www.facebook.com/RWProfessionalPainting/,,,,
Swedish Painting Company,http://www.swedishpaintingco.com,,,Aspen,Colorado,,,,,,apollo,"painting company, painting service - Colorado",https://app.apollo.io/#/organizations/556d5023736964121f01e300?overrideScoreId=score,8M,,,http://www.linkedin.com/company/swedish-painting-company,https://facebook.com/SwedishPaintingCompany/,,,,
Tecc Painting Company,,,,Colorado Springs,Colorado,,,,,,apollo,"painting company, painting service - Colorado",https://app.apollo.io/#/organizations/664b056cf8dd710001b6df82?overrideScoreId=score,,,commercial painting+15,http://www.linkedin.com/company/tecc-painting,,,,,
Imperial Painters LLC,http://www.imperialpaintersco.com,,,Arvada,Colorado,,,,,,apollo,"painting company, painting service - Colorado",https://app.apollo.io/#/organizations/5fc9ad157f0def0001a1aa67?overrideScoreId=score,,,residential+46,http://www.linkedin.com/company/imperial-painters-llc,https://facebook.com/imperialpaintersco,https://twitter.com/copainters,,,
LIME Painting of Castle Rock,,,,Castle Rock,Colorado,,,,,,apollo,"painting company, painting service - Colorado",https://app.apollo.io/#/organizations/5e56ad704169b30001c5fad4?overrideScoreId=score,,,construction company+13,http://www.linkedin.com/company/limepaintingofcastlerock,,,,,
Exemplary Painting,http://www.exemplarypainting.com,,,Littleton,Colorado,,,,,,apollo,"painting company, painting service - Colorado",https://app.apollo.io/#/organizations/5b83324e324d446b0607b4bd?overrideScoreId=score,,,house painting+45,http://www.linkedin.com/company/exemplary-painting,https://www.facebook.com/ExemplaryPainting/,,,,
"Tall Pines Painting, Inc",http://www.tallpinespainting.com,,,Tall Pines Painting,Inc,,,,,,apollo,"painting company, painting service - Inc",https://app.apollo.io/#/organizations/54a1363069702d46f0aa0201?overrideScoreId=score,14.4M,,window washing+79,http://www.linkedin.com/company/tall-pines-painting-inc,https://facebook.com/pages/Tall-Pines-Painting-Inc/126561187377480,https://twitter.com/tallpinespaint,,,
Gardiner Painting,http://www.gardinerpaint.com,,,Colorado Springs,Colorado,,,,,,apollo,"painting company, painting service - Colorado",https://app.apollo.io/#/organizations/649a9a9e99b5e400efca4443?overrideScoreId=score,,,residential painting+49,http://www.linkedin.com/company/gardiner-painting,,,,,
Paint Baum,http://www.paintbaum.com,,,Boulder,Colorado,,,,,,apollo,"painting company, painting service - Colorado",https://app.apollo.io/#/organizations/6448993224ed930001d1a664?overrideScoreId=score,,,epoxy floors+87,http://www.linkedin.com/company/paint-baum,,,,,
"Vivid Color Painting Company, LLC",http://www.vividcolorpaintingco.com,,,Durango,Colorado,,,,,,apollo,"painting company, painting service - Colorado",https://app.apollo.io/#/organizations/5da6ecda46748d00012abc55?overrideScoreId=score,,,,http://www.linkedin.com/company/vivid-color-painting-company-llc,,,,,
Improovy Painters Denver,,,,Denver,Colorado,,,,,,apollo,"painting company, painting service - Colorado",https://app.apollo.io/#/organizations/63f637d1b3f24b00da4ffebd?overrideScoreId=score,,,cabinet painting+12,http://www.linkedin.com/company/improovy-painters-denver,,,,,
SMS Painting,http://www.smspaintingllc.com,,,Bridgeport,Connecticut,,,,,,apollo,"painting company, painting service - Connecticut",https://app.apollo.io/#/organizations/559222cb7369641908728b00?overrideScoreId=score,,,,http://www.linkedin.com/company/sms-painting,,,,,
MARTINEZ PAINTING COMPANY LLC,http://www.martinezpainting.com,,,Essex,Connecticut,,,,,,apollo,"painting company, painting service - Connecticut",https://app.apollo.io/#/organizations/6739831fc2e9160001ae5ec8?overrideScoreId=score,,,,http://www.linkedin.com/company/martinez-painting-company-llc,,,,,
ROBERGE PAINTING COMPANY INC,http://www.epoxyflooringservices.com,,,Bristol,Connecticut,,,,,,apollo,"painting company, painting service - Connecticut",https://app.apollo.io/#/organizations/673c45a17e4999000131e067?overrideScoreId=score,,,,http://www.linkedin.com/company/roberge-painting-company-inc,,,,,
Franks Painting Service,http://www.frankspaintingservice.com,,,Norwalk,Connecticut,,,,,,apollo,"painting company, painting service - Connecticut",https://app.apollo.io/#/organizations/5fc91585481a2800016f4150?overrideScoreId=score,,,,http://www.linkedin.com/company/franks-painting-service,,,,,
"Painters In CT - Interior, Exterior, Commercial, & Residential Painting",http://www.newhavenpaintersllc.com,,,Southington,Connecticut,,,,,,apollo,"painting company, painting service - Connecticut",https://app.apollo.io/#/organizations/5da540b5cef49f000192bfb2?overrideScoreId=score,,,painting+73,http://www.linkedin.com/company/paintersinct,,,,,
"Turner Painting Service, Inc.",http://www.turnerpaintingservice.com,,,Turner Painting Service,Inc.,,,,,,apollo,"painting company, painting service - Inc.",https://app.apollo.io/#/organizations/5d449e26576fbc09d5056d5c?overrideScoreId=score,,,homescommercial+89,http://www.linkedin.com/company/turnerpaintingservice,,,,,
Fairfield Painting Company,http://www.fairfieldpainting.com,,,Fairfield,Connecticut,,,,,,apollo,"painting company, painting service - Connecticut",https://app.apollo.io/#/organizations/672742feed6bc2000186939f?overrideScoreId=score,18.2M,,,http://www.linkedin.com/company/fairfield-painting-company,,,,,
Joe Tamborra Painting Company,http://www.norwichpaintingcontractor.com,,,Norwich,Connecticut,,,,,,apollo,"painting company, painting service - Connecticut",https://app.apollo.io/#/organizations/6701758390d84b000118e425?overrideScoreId=score,,,,http://www.linkedin.com/company/joe-tamborra-painting-company,,,,,
Pat Derby Painting Company,http://www.patderbypainting.com,,,East Windsor,Connecticut,,,,,,apollo,"painting company, painting service - Connecticut",https://app.apollo.io/#/organizations/674284fe490a1000014e6771?overrideScoreId=score,,,,http://www.linkedin.com/company/pat-derby-painting-company,,,,,
Connecticut Best Painting Company LLC,http://www.connecticutbestpainting.com,,,New Haven,Connecticut,,,,,,apollo,"painting company, painting service - Connecticut",https://app.apollo.io/#/organizations/67271e4f6893d600010c71d4?overrideScoreId=score,,,,http://www.linkedin.com/company/connecticut-best-painting-company-llc,,,,,
Burke painting Company LLC,http://www.burkepaintingandcoatings.com,,,Wilmington,Delaware,,,,,,apollo,"painting company, painting service - Delaware",https://app.apollo.io/#/organizations/56dd2052f3e5bb1ae900184a?overrideScoreId=score,,,,http://www.linkedin.com/company/burke-painting-company-llc,,,,,
Premium Painters,http://www.premiumpainters.com,,,Hobe Sound,Florida,,,,,,apollo,"painting company, painting service - Florida",https://app.apollo.io/#/organizations/55ea54a7f3e5bb59a6002962?overrideScoreId=score,21.9M,,interior+55,http://www.linkedin.com/company/premiumpainters,https://www.facebook.com/PremiumPainters.FL,https://twitter.com/apremiumpainter,,,
Orlando Painting Service,http://www.orlandopaintingservice.com,,,Winter Park,Florida,,,,,,apollo,"painting company, painting service - Florida",https://app.apollo.io/#/organizations/5fc9b6f42221130001d05426?overrideScoreId=score,18.4M,,pressure washing+8,http://www.linkedin.com/company/orlando-painting-service,https://www.facebook.com/OrlandoPaintingService,https://twitter.com/orlandopainting,,,
FLORIDA PAINTING COMPANY,http://www.floridapaintingmiami.com,,,Miami,Florida,,,,,,apollo,"painting company, painting service - Florida",https://app.apollo.io/#/organizations/5da3d61c2fc5830001758fa8?overrideScoreId=score,,,painting+55,http://www.linkedin.com/company/florida-painting-company,https://www.facebook.com/FLORIDAPAINTINGCOMPANY/,,,,
"A Step Above Painting, LLC.",http://www.asapsrq.com,,,Sarasota,Florida,,,,,,apollo,"painting company, painting service - Florida",https://app.apollo.io/#/organizations/5ed33ab4a137530001916c83?overrideScoreId=score,,,,http://www.linkedin.com/company/asapsrq,https://www.facebook.com/asapsrq,,,,
York Services LLC (Painting Contractor),http://www.naplesfloridapainters.com,,,Fort Myers,Florida,,,,,,apollo,"painting company, painting service - Florida",https://app.apollo.io/#/organizations/54a13adc69702dac84991b01?overrideScoreId=score,,,,http://www.linkedin.com/company/york-services-llc,,,,,
I.A.C. PAINTING COMPANY INC.,http://www.iacpainting.com,,,Tampa,Florida,,,,,,apollo,"painting company, painting service - Florida",https://app.apollo.io/#/organizations/6730c2080af9f60001e2e517?overrideScoreId=score,,,,http://www.linkedin.com/company/i.a.c.-painting-company-inc.,,,,,
Fresh Coating,http://www.freshcoatingllc.com,,,Fort Walton Beach,Florida,,,,,,apollo,"painting company, painting service - Florida",https://app.apollo.io/#/organizations/64a6667023b5ff0001281872?overrideScoreId=score,,,exterior painting+55,http://www.linkedin.com/company/fresh-coating-llc,https://www.facebook.com/freshcoatingllc,,,,
The Cabinet Painting Company,http://www.cabinetpaintingco.com,,,Lithia,Florida,,,,,,apollo,"painting company, painting service - Florida",https://app.apollo.io/#/organizations/63c2ea9b5c1fde0001e1b472?overrideScoreId=score,,,,http://www.linkedin.com/company/cabinetpaintingco,https://www.facebook.com/cabinetpaintingco/,,,,
Blu Baboon Painting,http://www.blubaboon.com,,,Cocoa,Florida,,,,,,apollo,"painting company, painting service - Florida",https://app.apollo.io/#/organizations/6384b6b5a0238900a31b5c73?overrideScoreId=score,,,interior painting+38,http://www.linkedin.com/company/blu-baboon,,,,,
Tampa Bay Painting Company,http://www.tbpaintingco.com,,,Saint Petersburg,Florida,,,,,,apollo,"painting company, painting service - Florida",https://app.apollo.io/#/organizations/55ef78c5f3e5bb3550000dea?overrideScoreId=score,,,,http://www.linkedin.com/company/tampa-bay-painting-company,https://www.facebook.com/TampaBayPaintingCompany,,,,
"GPS Painting Group, LLC (561-247-2468)",http://www.gpspaintingfl.com,,,Royal Palm Beach,Florida,,,,,,apollo,"painting company, painting service - Florida",https://app.apollo.io/#/organizations/5500b76a736964606b480600?overrideScoreId=score,,,pressure wash+60,http://www.linkedin.com/company/g-p-s-painting-group-llc,,https://twitter.com/GPSPainting,,,
SOCORRO PAINTING COMPANY,http://www.socorropainting.com,,,Miami,Florida,,,,,,apollo,"painting company, painting service - Florida",https://app.apollo.io/#/organizations/66e504d0829610000151de82?overrideScoreId=score,,,,http://www.linkedin.com/company/socorro-painting-company,,,,,
"Team Sepi Inc., A Painting Company®",,,,Miami,Florida,,,,,,apollo,"painting company, painting service - Florida",https://app.apollo.io/#/organizations/60064b1a11702900e4bdfc14?overrideScoreId=score,,,,http://www.linkedin.com/company/team-sepi,,,,,
Paggio Painting Company Inc.,http://www.paggiopainting.com,,,Tampa,Florida,,,,,,apollo,"painting company, painting service - Florida",https://app.apollo.io/#/organizations/56e5dff2f3e5bb17f4005de8?overrideScoreId=score,,,,http://www.linkedin.com/company/paggio-painting-company-inc-,,,,,
Chance Painting Company LLC,http://www.chancepainting.com,,,Fort Walton Beach,Florida,,,,,,apollo,"painting company, painting service - Florida",https://app.apollo.io/#/organizations/56dd56b8f3e5bb1ac500331b?overrideScoreId=score,,,,http://www.linkedin.com/company/chance-painting-company-llc,,https://twitter.com/ChancePainting,,,
Unique Stone Resurfacing™,http://www.uniquestoneresurfacing.com,,,Sarasota,Florida,,,,,,apollo,"painting company, painting service - Florida",https://app.apollo.io/#/organizations/5500b4c87369647a36870900?overrideScoreId=score,,,bathroom remodeling+92,http://www.linkedin.com/company/unique-stone-resurfacing%e2%84%a2,http://www.facebook.com/uniquestoneresurfacing,http://twitter.com/Unique_Stone_NM,,,
T&L Perfect Services LLC,http://www.tileperfectservice.com,,,Clearwater,Florida,,,,,,apollo,"painting company, painting service - Florida",https://app.apollo.io/#/organizations/6718c6cfd33c2f00014ebdcf?overrideScoreId=score,,,wooden installation+10,http://www.linkedin.com/company/perfectservicefl,https://www.facebook.com/tileperfectservice,,,,
"PAGE PAINTING COMPANY, L.L.C.",http://www.pagepaintingco.com,,,Orlando,Florida,,,,,,apollo,"painting company, painting service - Florida",https://app.apollo.io/#/organizations/66f23bd74fb92d00012b75ee?overrideScoreId=score,,,,http://www.linkedin.com/company/page-painting-company-l.l.c.,,,,,
Compass Painting of SWFL,http://www.compasspaintingswfl.com,,,Sarasota,Florida,,,,,,apollo,"painting company, painting service - Florida",https://app.apollo.io/#/organizations/66dbc568b617610001938e20?overrideScoreId=score,,,exteriorresidential+74,http://www.linkedin.com/company/compasspaintingofswfl,,,,,
JK Adams Services LLC,http://www.wecandothatservice.com,,,Milton,Florida,,,,,,apollo,"painting company, painting service - Florida",https://app.apollo.io/#/organizations/66365d21f04d590001e481af?overrideScoreId=score,,,cleaning service+4,http://www.linkedin.com/company/jk-adams-services-llc,,,,,
Giron Brothers Painting,http://www.gironbrotherspainting.com,,,Naples,Florida,,,,,,apollo,"painting company, painting service - Florida",https://app.apollo.io/#/organizations/614c144781afa80001746b6b?overrideScoreId=score,,,cabinet painting+5,http://www.linkedin.com/company/giron-brothers-painting,,,,,
Five Star Painting of New Port Richey / Citrus Park,,,,New Port Richey,Florida,,,,,,apollo,"painting company, painting service - Florida",https://app.apollo.io/#/organizations/678c21880c1e3500019df2b5?overrideScoreId=score,,,free estimates+28,http://www.linkedin.com/company/five-star-painting-of-new-port-richey-citrus-park,,,,,
Winter Park Painting Company,http://www.winterparkpaintingcompany.com,,,Winter Park,Florida,,,,,,apollo,"painting company, painting service - Florida",https://app.apollo.io/#/organizations/6743554751264500012b250f?overrideScoreId=score,,,,http://www.linkedin.com/company/winter-park-painting-company,,,,,
MARK RALSTON PAINTING COMPANY,http://www.markralstonpainting.com,,,Jupiter,Florida,,,,,,apollo,"painting company, painting service - Florida",https://app.apollo.io/#/organizations/67431009975d6e000169deed?overrideScoreId=score,,,,http://www.linkedin.com/company/mark-ralston-painting-company,,,,,
"SUNLIGHT PAINTING COMPANY, INC.",http://www.sunlightpainting.com,,,Atlanta,Georgia,,,,,,apollo,"painting company, painting service - Georgia",https://app.apollo.io/#/organizations/67146736e1abc900012a044b?overrideScoreId=score,,,,http://www.linkedin.com/company/sunlight-painting-company-inc.,,,,,
Georgia Painting Company LLC,http://www.georgiapainting.co,,,Atlanta,Georgia,,,,,,apollo,"painting company, painting service - Georgia",https://app.apollo.io/#/organizations/66517e2d2bfa520001fd4353?overrideScoreId=score,,,exterior painting+3,http://www.linkedin.com/company/georgiapaintingcompany,,,,,
Paint Boss Ga,http://www.paintbossga.com,,,Warner Robins,Georgia,,,,,,apollo,"painting company, painting service - Georgia",https://app.apollo.io/#/organizations/63cb70680d833b00014c23ff?overrideScoreId=score,,,facility maintenance+44,http://www.linkedin.com/company/paint-boss-ga,https://www.facebook.com/paintbossga,,,,
Ericks Painting Company,http://www.erickpaintinginc.com,,,Doraville,Georgia,,,,,,apollo,"painting company, painting service - Georgia",https://app.apollo.io/#/organizations/66dd82e9b4f99b00016e0f25?overrideScoreId=score,,,,http://www.linkedin.com/company/ericks-painting-company,,,,,
"April Painting Company, Inc.",http://www.aprilpainting.com,,,April Painting Company,Inc.,,,,,,apollo,"painting company, painting service - Inc.",https://app.apollo.io/#/organizations/54a1a03d74686949e788e802?overrideScoreId=score,,,,http://www.linkedin.com/company/april-painting-company-inc.,,,,,
PEACHTREE PAINTING COMPANY LLC,http://www.peachtreepaintingco.com,,,Stockbridge,Georgia,,,,,,apollo,"painting company, painting service - Georgia",https://app.apollo.io/#/organizations/66e67593be217e00016b3d49?overrideScoreId=score,,,,http://www.linkedin.com/company/peachtree-painting-company-llc,,,,,
Atlanta Painting Company,http://www.atlanta-painter.com,,,Cumming,Georgia,,,,,,apollo,"painting company, painting service - Georgia",https://app.apollo.io/#/organizations/66dfc8a193c1ac000115d792?overrideScoreId=score,,,,http://www.linkedin.com/company/atlanta-painting-company,,,,,
Bernardo's Painting,http://www.bernardospainting.com,,,Mililani,Hawaii,,,,,,apollo,"painting company, painting service - Hawaii",https://app.apollo.io/#/organizations/62a5fb4a4757e800a3fe007c?overrideScoreId=score,,,exteriors+56,http://www.linkedin.com/company/bernardo-s-painting,https://www.facebook.com/bernardospainting,,,,
"M. SHIROMA PAINTING COMPANY, INC",,,,Waipahu,Hawaii,,,,,,apollo,"painting company, painting service - Hawaii",https://app.apollo.io/#/organizations/67304cc493cdbb0001db7f40?overrideScoreId=score,,,,http://www.linkedin.com/company/m.-shiroma-painting-company-inc,,,,,
Coeur d'Alene Painting Company,http://www.coeurdalenepainter.com,,,Coeur d'Alene,Idaho,,,,,,apollo,"painting company, painting service - Idaho",https://app.apollo.io/#/organizations/6547d31911b8240001ee5c45?overrideScoreId=score,,,painting company,http://www.linkedin.com/company/coeur-d-alene-painting-company,https://facebook.com/Coeur-dAlene-Painting-Company-101088255659137,,,,
"Quincy Industrial Painting Company, Inc.",http://www.quincyindustrial.com,,,Quincy Industrial Painting Company,Inc.,,,,,,apollo,"painting company, painting service - Inc.",https://app.apollo.io/#/organizations/559218d573696423937e0c00?overrideScoreId=score,,,industrial painting+49,http://www.linkedin.com/company/quincyindustrial,,,,,
Steadfast Painting Solutions Corp,http://www.steadfastpainting.com,,,Elmhurst,Illinois,,,,,,apollo,"painting company, painting service - Illinois",https://app.apollo.io/#/organizations/54fca59c7369640186842f00?overrideScoreId=score,,,voc-free paints+82,http://www.linkedin.com/company/steadfast-painting-solutions-corp,,,,,
Procaccio Painting Company,http://www.procacciopainting.com,,,Saint Charles,Illinois,,,,,,apollo,"painting company, painting service - Illinois",https://app.apollo.io/#/organizations/55ee320df3e5bb2675000570?overrideScoreId=score,12.4M,,,http://www.linkedin.com/company/procaccio-painting-company,,,,,
"Accurate Painting Service, L.L.C.",,,,Chicago,Illinois,,,,,,apollo,"painting company, painting service - Illinois",https://app.apollo.io/#/organizations/54a129c869702dc841388201?overrideScoreId=score,,,residential & industrial+6,http://www.linkedin.com/company/accurate-painting-service-l-l-c-,,,,,
Rich’s Painting Service,http://www.richspaintingservice.com,,,Lake Zurich,Illinois,,,,,,apollo,"painting company, painting service - Illinois",https://app.apollo.io/#/organizations/66f84c41cc802500015fa51f?overrideScoreId=score,,,,http://www.linkedin.com/company/rich%e2%80%99s-painting-service,,,,,
Paintrix Painting Company,http://www.paintrixpainting.com,,,Huntley,Illinois,,,,,,apollo,"painting company, painting service - Illinois",https://app.apollo.io/#/organizations/5f0d8be37548c4008ce031b0?overrideScoreId=score,,,,http://www.linkedin.com/company/paintrixpainting,,,,,
Stars Painting Service,http://www.starpaintingservices.com,,,Skokie,Illinois,,,,,,apollo,"painting company, painting service - Illinois",https://app.apollo.io/#/organizations/5500c968736964612ea56300?overrideScoreId=score,,,,http://www.linkedin.com/company/stars-painting-service,,,,,
NorthCraft Painting Contractor,http://www.northcraft-painting-contractor.com,,,Streamwood,Illinois,,,,,,apollo,"painting company, painting service - Illinois",https://app.apollo.io/#/organizations/54a12ab669702dc128ebf801?overrideScoreId=score,,,wallpaper removal+6,http://www.linkedin.com/company/northcraft-painting-contractor,https://www.facebook.com/northcraft.epoxy.floor.coating,,,,
Sauer Painting Company,http://www.housepaintingstcharles.com,,,Saint Charles,Illinois,,,,,,apollo,"painting company, painting service - Illinois",https://app.apollo.io/#/organizations/6714cb36e5fc67000115d3bd?overrideScoreId=score,,,,http://www.linkedin.com/company/sauer-painting-company,,,,,
RED FEATHER PAINTING COMPANY,http://www.redfeathergroupinc.com,,,Glenview,Illinois,,,,,,apollo,"painting company, painting service - Illinois",https://app.apollo.io/#/organizations/6392aae7d6bac70001f49d3c?overrideScoreId=score,,,,http://www.linkedin.com/company/red-feather-painting-company,,,,,
Improovy Painters Chicago,,,,Chicago,Illinois,,,,,,apollo,"painting company, painting service - Illinois",https://app.apollo.io/#/organizations/60b20f322657620001b6d895?overrideScoreId=score,,,painters in chicago+15,http://www.linkedin.com/company/improovy-painters-chicago,,,,,
Inside Outside Painting Company,http://www.insideoutsidepainting.com,,,Evanston,Illinois,,,,,,apollo,"painting company, painting service - Illinois",https://app.apollo.io/#/organizations/670b31e39dc7fa000114c468?overrideScoreId=score,,,,http://www.linkedin.com/company/inside-outside-painting-company,,,,,
Town Square Painting Company,http://www.townsquarepainting.com,,,Naperville,Illinois,,,,,,apollo,"painting company, painting service - Illinois",https://app.apollo.io/#/organizations/66f9e7d327980600012f97d3?overrideScoreId=score,8.3M,,,http://www.linkedin.com/company/town-square-painting-company,,,,,
"ALL FAMILY PAINTING SERVICE, INC.",http://www.ourfinalcoat.com,,,Itasca,Illinois,,,,,,apollo,"painting company, painting service - Illinois",https://app.apollo.io/#/organizations/66dd2b884fe15f0001db0884?overrideScoreId=score,11.7M,,,http://www.linkedin.com/company/all-family-painting-service-inc.,,,,,
NWS Restoration - Roofing Contractor and Painting Company of Grayslake,http://www.nwstormrestoration.com,,,Grayslake,Illinois,,,,,,apollo,"painting company, painting service - Illinois",https://app.apollo.io/#/organizations/648a5abf3c21f700a381f0c0?overrideScoreId=score,,,,http://www.linkedin.com/company/nws-restoration-roofing-contractor-and-painting-company-of-grayslake,,https://twitter.com/NWS_Restoration,,,
"Matthews'​ Painting Company, LLC",http://www.matthewspainting.com,,,Leesburg,Indiana,,,,,,apollo,"painting company, painting service - Indiana",https://app.apollo.io/#/organizations/54a1279069702d979cf79000?overrideScoreId=score,48.2M,,deck staining+49,http://www.linkedin.com/company/matthews'-painting-company-llc,https://www.facebook.com/matthewspaintingcompany,https://twitter.com/Mathewspainting,,,
"Prism Painting Company, Inc.",http://www.prismpainting.net,,,Prism Painting Company,Inc.,,,,,,apollo,"painting company, painting service - Inc.",https://app.apollo.io/#/organizations/5ed02a1a5a2a6100017e72f8?overrideScoreId=score,,,wallcovering removal+49,http://www.linkedin.com/company/prism-painting-company-inc,,,,,
Garcia Painting Pro,http://www.garciapaintingpro.com,,,Carmel,Indiana,,,,,,apollo,"painting company, painting service - Indiana",https://app.apollo.io/#/organizations/6607b8722e52c60007d36810?overrideScoreId=score,,,specialty coatings+76,http://www.linkedin.com/company/garcia-painting-pro,,,,,
Flora Brothers Painting,http://www.florabrotherspainting.com,,,Indianapolis,Indiana,,,,,,apollo,"painting company, painting service - Indiana",https://app.apollo.io/#/organizations/5ed4e336b6725f00019afe7f?overrideScoreId=score,21.3M,,custom home painting+52,http://www.linkedin.com/company/flora-brothers-painting,https://facebook.com/pages/Flora-Brothers-Painting/207886422568444,,,,
Alpha Pro Painting Company,http://www.alphapropainting.com,,,Indianapolis,Indiana,,,,,,apollo,"painting company, painting service - Indiana",https://app.apollo.io/#/organizations/57c4f8b2a6da986ac74407ec?overrideScoreId=score,,,exterior painting+7,http://www.linkedin.com/company/alpha-pro-painting,https://www.facebook.com/AlphaProPainting,,,,
"Beeson Construction, Inc.",http://www.beesonconstruction.com,,,Beeson Construction,Inc.,,,,,,apollo,"painting company, painting service - Inc.",https://app.apollo.io/#/organizations/65775b862a24bf021bd89beb?overrideScoreId=score,,,,http://www.linkedin.com/company/beeson-construction-inc,,,,,
Colorbilt Painting LLC,http://www.colorbiltpainting.com,,,Plymouth,Indiana,,,,,,apollo,"painting company, painting service - Indiana",https://app.apollo.io/#/organizations/64169c480364d6000140a103?overrideScoreId=score,,,,http://www.linkedin.com/company/colorbiltpaintingllc,,,,,
Hoosier Painting Company,http://www.a1hoosierpainting.com,,,Angola,Indiana,,,,,,apollo,"painting company, painting service - Indiana",https://app.apollo.io/#/organizations/55f6a025f3e5bb18db01401d?overrideScoreId=score,5.1M,,,http://www.linkedin.com/company/hoosier-painting-company,https://facebook.com/a1hoosierpaintingandmore,https://twitter.com/A1hoosierpaint,,,
"Genesis Painting Company, LLC",http://www.paintingbygenesis.com,,,Cedar Rapids,Iowa,,,,,,apollo,"painting company, painting service - Iowa",https://app.apollo.io/#/organizations/5500b1557369642dd3921800?overrideScoreId=score,,,interior wall painting+13,http://www.linkedin.com/company/genesis-painting-company-llc,,,,,
Painting Service,http://www.painting-service-dubai.com,,,Wichita,Kansas,,,,,,apollo,"painting company, painting service - Kansas",https://app.apollo.io/#/organizations/674b352ec182f10001450b8b?overrideScoreId=score,,,,http://www.linkedin.com/company/painting-service,,,,,
ACE HOUSE PAINTING INC.,http://www.acehousepainting.com,,,Olathe,Kansas,,,,,,apollo,"painting company, painting service - Kansas",https://app.apollo.io/#/organizations/647053dca68d26000126fdd9?overrideScoreId=score,,,painter+47,http://www.linkedin.com/company/ace-house-painting-inc.,https://www.facebook.com/Ace-House-Painting-134483886584868,https://twitter.com/AceHousePainti1,,,
MCKAY PAINTING SERVICE,http://www.mckaypaintingservice.com,,,Longford,Kansas,,,,,,apollo,"painting company, painting service - Kansas",https://app.apollo.io/#/organizations/67144d50e5a2dc0001d828aa?overrideScoreId=score,,,,http://www.linkedin.com/company/mckay-painting-service,,,,,
